City_ID,City,Lat,Lng,Max Temp,Humidity,Cloudiness,Wind Speed,Country,Date
0,huarmey,-10.0681,-78.1522,22.51,74,8,4.57,PE,1702306168
1,port-aux-francais,-49.35,70.2167,4.64,86,42,8.37,TF,1702306168
2,codrington,-38.2667,141.9667,15.4,93,100,7.17,AU,1702306168
3,lodja,-3.4833,23.4333,30.06,56,62,0.28,CD,1702306168
4,port-cartier,50.0334,-66.8654,2.06,97,100,3.12,CA,1702306168
5,yellowknife,62.456,-114.3525,-20.71,84,0,4.12,CA,1702306119
6,edinburgh of the seven seas,-37.0676,-12.3116,13.34,81,100,9.16,SH,1702306168
7,longyearbyen,78.2186,15.6401,-4.09,68,75,10.8,SJ,1702306168
8,stanley,54.868,-1.6985,5.85,90,20,3.09,GB,1702306168
9,albany,42.6001,-73.9662,3.13,90,100,1.79,US,1702306108
10,broken hill,-31.95,141.4333,24.9,40,95,3.16,AU,1702306168
11,obo,5.3998,26.4869,31.45,39,98,1.68,CF,1702306168
12,prado,-17.3411,-39.2208,29.05,60,50,7.04,BR,1702306168
13,hermanus,-34.4187,19.2345,19.94,62,0,4.36,ZA,1702306169
14,coquimbo,-29.9533,-71.3436,16.85,82,75,4.12,CL,1702306010
15,contamana,-7.3333,-75.0167,33.32,49,14,1.98,PE,1702306169
16,blackmans bay,-43.0167,147.3167,10.29,90,67,0.92,AU,1702306169
17,acarau,-2.8856,-40.12,31.82,53,75,8.42,BR,1702306169
18,adamstown,-25.066,-130.1015,21.2,60,7,2.33,PN,1702306169
19,sisimiut,66.9395,-53.6735,-1.2,71,100,7.21,GL,1702306169
20,college,64.8569,-147.8028,-9.03,83,100,2.57,US,1702306169
21,antsohihy,-14.8796,47.9875,28.82,73,97,3.34,MG,1702306169
22,avarua,-21.2078,-159.775,25.03,88,100,9.77,CK,1702306169
23,port mathurin,-19.6833,63.4167,26.56,73,100,2.98,MU,1702306169
24,petropavlovsk-kamchatsky,53.0452,158.6483,-5.67,87,75,7.6,RU,1702306170
25,pelotas,-31.7719,-52.3425,26.01,75,75,6.69,BR,1702306170
26,el abiodh sidi cheikh,32.893,0.5484,23.25,15,0,1.95,DZ,1702306170
27,puerto natales,-51.7236,-72.4875,10.25,53,75,3.6,CL,1702305947
28,uturoa,-16.7333,-151.4333,26.82,76,66,9.52,PF,1702306170
29,ploneour-lanvern,47.9,-4.2833,13.18,100,100,4.63,FR,1702306170
30,punta del este,-34.9667,-54.95,26.09,78,75,4.92,UY,1702306170
31,new amsterdam,6.25,-57.5167,31.05,58,24,2.89,GY,1702306170
32,bredasdorp,-34.5322,20.0403,23.59,37,0,5.21,ZA,1702306170
33,sampit,-2.5333,112.95,24.52,94,97,1.15,ID,1702306170
34,pimentel,-6.8367,-79.9342,23.16,73,20,4.63,PE,1702306170
35,isafjordur,66.0755,-23.124,-1.98,74,100,1.54,IS,1702306171
36,waitangi,-43.9535,-176.5597,13.23,85,98,1.79,NZ,1702306171
37,ubon ratchathani,15.1667,105.1667,26.94,58,65,1.71,TH,1702306171
38,flagstaff,35.1981,-111.6513,2.81,58,0,0.0,US,1702306138
39,belyy yar,53.6039,91.3903,-32.06,75,20,0.0,RU,1702306171
40,dauphin,51.1494,-100.0502,-3.92,80,100,11.32,CA,1702305905
41,fort st. john,56.2499,-120.8529,-9.06,79,75,1.03,CA,1702306171
42,invercargill,-46.4,168.35,8.35,78,45,8.37,NZ,1702306171
43,brisas de zicatela,15.8369,-97.0419,27.05,45,100,2.08,MX,1702306171
44,hoemul-li,41.4339,129.67,-4.46,92,100,3.03,KP,1702306171
45,nikolayevsk-on-amure,53.1406,140.73,-21.79,73,84,6.86,RU,1702306171
46,wailua homesteads,22.0669,-159.378,23.75,90,75,4.63,US,1702306171
47,signal mountain,35.1226,-85.3438,1.22,72,20,3.09,US,1702306152
48,jilin,43.0,126.0,-15.3,69,81,2.67,CN,1702306171
49,port alfred,-33.5906,26.891,22.88,81,7,2.24,ZA,1702306171
50,tadine,-21.55,167.8833,21.97,71,100,6.05,NC,1702306172
51,ribeira grande,38.5167,-28.7,18.22,63,40,6.17,PT,1702306172
52,thompson,55.7435,-97.8558,-6.91,79,100,6.69,CA,1702306172
53,ushuaia,-54.8,-68.3,9.79,61,0,2.57,AR,1702306075
54,imuris,30.7833,-110.8667,11.86,11,63,2.81,MX,1702305977
55,whitehorse,60.7161,-135.0538,-5.57,86,75,11.32,CA,1702306172
56,papatowai,-46.5619,169.4708,8.4,76,11,8.1,NZ,1702306172
57,alofi,-19.0595,-169.9187,25.94,94,100,5.14,NU,1702306172
58,peniche,39.3558,-9.3811,19.2,79,100,6.25,PT,1702306172
59,coahuayana de hidalgo,18.7,-103.6583,25.58,63,99,1.7,MX,1702306172
60,tura,25.5198,90.2201,15.82,86,0,1.43,IN,1702306172
61,charters towers,-20.1,146.2667,22.71,85,87,6.88,AU,1702306132
62,bodo,67.28,14.405,-3.98,74,75,8.23,NO,1702306172
63,olonkinbyen,70.9221,-8.7187,-0.31,91,100,8.06,SJ,1702306172
64,vorkuta,67.5,64.0,-20.88,93,100,5.19,RU,1702306172
65,ancud,-41.8697,-73.8203,12.83,87,100,3.67,CL,1702306172
66,iranshahr,27.2025,60.6848,22.19,16,0,2.06,IR,1702306172
67,luderitz,-26.6481,15.1594,23.81,54,0,14.61,,1702306172
68,st. john's,47.5649,-52.7093,8.97,93,100,10.29,CA,1702306029
69,fale old settlement,-9.3852,-171.2468,27.54,82,100,10.84,TK,1702306173
70,saldanha,-33.0117,17.9442,24.03,73,0,9.46,ZA,1702306173
71,port lincoln,-34.7333,135.8667,16.36,88,57,0.71,AU,1702306173
72,timimoun,29.2639,0.231,22.21,18,0,4.63,DZ,1702306173
73,chonchi,-42.6128,-73.8092,13.95,98,100,0.5,CL,1702306173
74,les anglais,18.3054,-74.2197,29.0,63,40,0.92,HT,1702306173
75,hasaki,35.7333,140.8333,13.22,71,100,4.13,JP,1702306173
76,afaahiti,-17.75,-149.2833,22.93,81,73,9.6,PF,1702306173
77,san agustin acasaguastlan,14.95,-89.9667,23.17,73,90,1.72,GT,1702306173
78,luena,-11.7833,19.9167,22.61,82,100,1.46,AO,1702306173
79,dakhla,23.6848,-15.958,26.01,22,57,5.14,EH,1702306173
80,grytviken,-54.2811,-36.5092,4.68,93,100,5.26,GS,1702306173
81,la ronge,55.1001,-105.2842,-9.86,67,100,11.83,CA,1702306174
82,cudillero,43.5622,-6.1459,19.51,65,20,0.0,ES,1702306174
83,nova sintra,14.8667,-24.7167,23.5,61,1,7.23,CV,1702306174
84,tralee,52.2704,-9.7026,12.14,94,75,4.12,IE,1702306174
85,dien bien phu,21.3833,103.0167,21.17,82,33,0.9,VN,1702306174
86,zakynthos,37.7914,20.8953,15.62,63,20,1.54,GR,1702306174
87,colonia,50.9333,6.95,10.97,83,100,6.69,DE,1702305964
88,vasteras,59.6162,16.5528,-0.05,93,100,5.14,SE,1702306174
89,puerto ayora,-0.7393,-90.3518,25.98,78,42,3.63,EC,1702306174
90,badger,64.8,-147.5333,-9.07,79,100,2.57,US,1702306174
91,grand falls-windsor,48.9332,-55.6649,10.28,91,100,2.68,CA,1702305994
92,mikuni,36.2171,136.1519,8.95,92,100,3.49,JP,1702306174
93,anadyr,64.75,177.4833,-26.67,82,0,4.0,RU,1702306174
94,qarazhal,48.0078,70.7903,-21.4,82,67,8.9,KZ,1702306174
95,manay,7.215,126.5397,25.41,79,27,3.41,PH,1702306174
96,puerto baquerizo moreno,-0.9,-89.6,25.55,78,75,5.14,EC,1702306174
97,bethel,41.3712,-73.414,4.17,88,100,2.06,US,1702306175
98,pasni,25.2631,63.471,24.77,47,6,5.43,PK,1702306175
99,qaqortoq,60.7167,-46.0333,-2.42,91,100,6.58,GL,1702306175
100,el naranjo,21.4667,-98.6,15.18,62,100,0.25,MX,1702306175
101,liminka,64.8099,25.4155,-10.59,85,100,3.6,FI,1702306175
102,talnakh,69.4865,88.3972,-27.76,98,100,4.28,RU,1702306175
103,trapani,37.8333,12.6667,16.82,77,40,4.63,IT,1702306175
104,margaret river,-33.95,115.0667,16.15,82,0,3.85,AU,1702306175
105,ostersund,63.1792,14.6357,-3.75,100,100,4.63,SE,1702306175
106,punta arenas,-53.15,-70.9167,9.06,49,100,6.17,CL,1702306073
107,neiafu,-18.65,-173.9833,20.38,94,20,0.0,TO,1702306175
108,rouyn-noranda,48.2398,-79.0288,-7.95,67,100,4.12,CA,1702305995
109,ramshir,30.8946,49.4092,23.92,31,100,3.45,IR,1702306175
110,hamilton,39.1834,-84.5333,1.69,83,100,3.6,US,1702306176
111,trincomalee,8.5711,81.2335,26.84,82,53,5.45,LK,1702306176
112,boa vista,2.8197,-60.6733,30.99,55,20,6.17,BR,1702306176
113,singkil,-7.9855,111.4161,24.42,83,100,2.3,ID,1702306176
114,kutum,14.2,24.6667,26.69,12,80,5.52,SD,1702306176
115,manta,-0.95,-80.7333,25.88,83,100,2.06,EC,1702306176
116,guerrero negro,27.9769,-114.0611,16.13,53,94,1.96,MX,1702305889
117,verkhotur'ye,58.8627,60.8054,-34.84,99,68,1.96,RU,1702306176
118,jamestown,42.097,-79.2353,1.77,87,100,5.66,US,1702306176
119,atafu village,-8.5421,-172.5159,28.12,81,100,10.76,TK,1702306176
120,hawaiian paradise park,19.5933,-154.9731,22.73,97,100,3.09,US,1702306176
121,tazovsky,67.4667,78.7,-23.76,95,100,4.61,RU,1702306176
122,shenjiamen,29.9576,122.298,10.25,78,91,10.38,CN,1702306176
123,federacion,-31.0062,-57.8996,24.77,59,0,4.43,AR,1702306177
124,ostroh,50.3294,26.5143,0.51,90,100,5.03,UA,1702306177
125,chegdomyn,51.1167,133.0167,-30.26,98,61,0.7,RU,1702306177
126,labrador city,52.9463,-66.9114,-5.05,80,100,2.06,CA,1702306177
127,port elizabeth,-33.918,25.5701,24.06,69,20,5.66,ZA,1702306177
128,toamasina,-18.1667,49.3833,30.0,74,20,3.09,MG,1702306177
129,al qadarif,14.0349,35.3834,32.39,17,96,3.66,SD,1702306177
130,vila franca do campo,37.7167,-25.4333,18.27,99,9,5.53,PT,1702306177
131,general acha,-37.377,-64.6043,31.42,24,48,12.46,AR,1702306177
132,kanker,20.2719,81.4931,17.67,69,0,1.29,IN,1702306177
133,keflavik,64.0049,-22.5624,1.24,100,75,2.57,IS,1702306177
134,funafuti,-8.5243,179.1942,28.0,89,75,0.0,TV,1702306177
135,new norfolk,-42.7826,147.0587,10.95,98,85,0.51,AU,1702306177
136,kargat,55.1956,80.2811,-27.36,90,6,6.05,RU,1702306178
137,pacific grove,36.6177,-121.9166,12.27,65,0,4.02,US,1702306021
138,klyuchi,52.2667,79.1667,-22.3,85,93,5.6,RU,1702306178
139,cole harbour,44.6724,-63.4751,15.66,93,100,7.72,CA,1702306178
140,paragominas,-2.9667,-47.4833,31.02,54,97,2.74,BR,1702306178
141,mitsamiouli,-11.3847,43.2844,28.6,74,100,4.85,KM,1702306178
142,ngama,11.7833,17.1667,30.79,12,45,5.02,TD,1702306178
143,udachny,66.4167,112.4,-25.32,96,100,4.79,RU,1702306178
144,naze,28.3667,129.4833,22.51,83,41,6.64,JP,1702306172
145,selkirk,50.1436,-96.8845,-5.48,95,100,4.47,CA,1702306178
146,bataipora,-22.2953,-53.2711,32.27,47,9,0.31,BR,1702306178
147,linxia chengguanzhen,35.6003,103.2064,-0.68,51,0,1.21,CN,1702306178
148,khandyga,62.6667,135.6,-33.94,99,100,0.48,RU,1702306178
149,okhotsk,59.3833,143.3,-10.37,92,100,7.82,RU,1702306178
150,ingeniero jacobacci,-41.3427,-69.5448,21.15,28,100,9.45,AR,1702306178
151,nyrob,60.733,56.7202,-24.88,90,100,3.42,RU,1702306179
152,port saint john's,-31.6229,29.5448,22.77,76,100,4.19,ZA,1702306179
153,hammerfest,70.6634,23.6821,-1.75,93,75,2.57,NO,1702306179
154,anloga,5.7947,0.8973,29.64,67,100,5.59,GH,1702306179
155,lompoc,34.6391,-120.4579,17.66,69,0,2.57,US,1702306179
156,sao francisco,-15.9486,-44.8644,36.73,23,15,3.32,BR,1702306179
157,roma,43.2128,-75.4557,2.2,94,100,3.6,US,1702306082
158,mount pearl,47.5166,-52.7813,8.51,94,100,10.29,CA,1702306179
159,pratt,37.6439,-98.7376,-1.88,69,0,3.09,US,1702306179
160,dubbo,-32.25,148.6167,26.07,57,0,5.14,AU,1702306179
161,wakkanai,45.4094,141.6739,-2.17,64,82,5.36,JP,1702306179
162,gordonvale,-17.0936,145.7842,28.94,88,100,1.2,AU,1702306179
163,konstantinovka,49.6167,127.9833,-28.88,92,5,1.84,RU,1702306179
164,nova vicosa,-17.8919,-39.3719,30.2,58,32,7.7,BR,1702306179
165,tiksi,71.6872,128.8694,-23.69,99,100,4.02,RU,1702306179
166,xiangyang,32.0422,112.1448,3.34,70,100,3.49,CN,1702306179
167,san antonio de pale,-1.4014,5.6325,25.14,87,100,1.18,GQ,1702306180
168,sandnessjoen,66.0217,12.6316,-4.77,74,0,2.06,NO,1702306180
169,atkarsk,51.8718,45.0078,-8.92,63,100,8.73,RU,1702306180
170,nagasaki,32.7447,129.8736,19.91,88,83,5.98,JP,1702306180
171,awjilah,29.1081,21.2869,19.63,43,56,9.55,LY,1702306180
172,yuzhno-kurilsk,44.0306,145.8556,0.76,76,57,1.76,RU,1702306180
173,braslaw,55.644,27.0455,-0.18,97,100,4.9,BY,1702306180
174,cadale,2.7603,46.3222,28.05,76,91,7.67,SO,1702306180
175,pangody,65.85,74.4859,-26.42,89,100,5.34,RU,1702306180
176,kruisfontein,-34.0033,24.7314,22.29,52,0,3.7,ZA,1702306180
177,xinqing,48.2333,129.5,-27.42,98,8,1.38,CN,1702306180
178,mejit,10.2753,170.8646,27.07,71,62,9.31,MH,1702306180
179,sao jose da coroa grande,-8.8978,-35.1478,29.65,58,26,5.36,BR,1702306180
180,masaya sur,16.497,121.7456,24.29,89,31,0.42,PH,1702306180
181,hilton head island,32.2163,-80.7526,10.56,76,20,4.63,US,1702306180
182,rantepao,-2.9701,119.8978,20.68,98,100,1.09,ID,1702306180
183,livingstone,-17.8419,25.8543,29.66,35,99,0.31,ZM,1702305969
184,malango,-2.9627,119.9001,20.68,97,100,1.1,ID,1702306180
185,motygino,58.1831,94.7592,-34.01,99,80,0.89,RU,1702306180
186,sungai udang,2.269,102.1427,25.49,100,40,0.0,MY,1702306181
187,georgetown,5.4112,100.3354,26.08,92,40,0.0,MY,1702306045
188,lorengau,-2.0226,147.2712,27.64,87,100,4.53,PG,1702306181
189,carnarvon,-24.8667,113.6333,24.92,62,0,4.66,AU,1702306181
190,san luis de la loma,17.2706,-100.8939,26.48,68,100,1.68,MX,1702306181
191,lihue,21.9789,-159.3672,24.09,88,75,4.63,US,1702305895
192,bure,10.7,37.0667,19.05,49,99,2.02,ET,1702306181
193,aasiaat,68.7098,-52.8699,-2.45,94,100,5.98,GL,1702306181
194,laguna,38.421,-121.4238,10.56,96,20,1.54,US,1702306181
195,magadan,59.5667,150.8,-5.87,93,100,5.81,RU,1702306181
196,cox's bazar,21.4532,91.9798,19.3,76,1,3.33,BD,1702306181
197,weno,7.4515,151.8468,26.97,89,100,1.54,FM,1702306181
198,dudinka,69.4058,86.1778,-24.62,98,100,6.26,RU,1702306181
199,port augusta,-32.5,137.7667,19.66,58,18,1.66,AU,1702306181
200,ust-nera,64.5667,143.2,-21.42,99,100,3.37,RU,1702306181
201,enewetak,11.3474,162.3373,27.87,77,59,6.62,MH,1702306182
202,sao joao da barra,-21.6403,-41.0511,30.05,73,100,5.49,BR,1702306182
203,aripuana,-9.1667,-60.6333,35.82,41,93,1.39,BR,1702306182
204,wolgast,54.05,13.7667,5.01,100,100,1.85,DE,1702306182
205,yung shue wan,22.2333,114.1167,24.06,87,2,0.38,HK,1702306182
206,tongging,2.8969,98.5262,21.19,95,99,1.05,ID,1702306182
207,tofol,5.3248,163.0078,27.74,80,69,6.35,FM,1702306182
208,yamada,39.4667,141.95,7.23,75,100,2.69,JP,1702306182
209,saipan,15.1355,145.701,27.39,83,75,5.66,MP,1702306182
210,iqaluit,63.7506,-68.5145,-18.15,78,75,11.32,CA,1702306182
211,basoko,1.2391,23.616,28.09,69,97,0.76,CD,1702306182
212,amga,60.8953,131.9608,-28.3,95,100,3.13,RU,1702306182
213,flin flon,54.7682,-101.865,-8.09,79,75,7.72,CA,1702306032
214,dunedin,-45.8742,170.5036,11.0,72,83,4.02,NZ,1702306182
215,kolonia,50.9333,6.95,10.97,83,100,6.69,DE,1702306182
216,ilulissat,69.2167,-51.1,-0.99,86,100,6.17,GL,1702306183
217,bilibino,68.0546,166.4372,-17.97,94,100,1.47,RU,1702306183
218,pesqueria,25.7833,-100.05,16.31,36,100,0.32,MX,1702306183
219,litayan,7.3358,124.0347,27.5,76,9,1.25,PH,1702306183
220,nemuro,43.3236,145.575,1.41,53,94,1.24,JP,1702306183
221,kabompo,-13.5927,24.2008,20.48,90,72,2.66,ZM,1702306183
222,antsiranana,-12.2787,49.2917,31.42,58,20,5.14,MG,1702306183
223,el charco,2.4769,-78.1105,28.55,79,80,1.52,CO,1702306183
224,north salt lake,40.8486,-111.9069,0.82,80,75,2.24,US,1702305965
225,smithers,54.7804,-127.1743,-3.82,93,100,1.03,CA,1702306183
226,wegrow,52.3995,22.0163,2.67,97,100,6.52,PL,1702306183
227,crane,31.3974,-102.3501,8.42,26,2,1.35,US,1702306183
228,sitka,57.0531,-135.33,5.94,75,100,5.66,US,1702306183
229,leava,-14.3,-178.1667,26.69,64,95,4.94,WF,1702306183
230,valenca do piaui,-6.4075,-41.7456,36.13,27,87,4.21,BR,1702306183
231,khorugh,37.4897,71.553,0.55,96,100,2.67,TJ,1702306183
232,nyurba,63.2842,118.3319,-27.0,97,100,2.72,RU,1702306183
233,ouesso,1.6136,16.0517,26.6,83,100,1.23,CG,1702306184
234,piton saint-leu,-21.2196,55.3151,25.06,74,75,9.26,RE,1702306184
235,talara,-4.5772,-81.2719,25.42,65,0,9.26,PE,1702306184
236,kattupputtur,10.9833,78.2333,25.24,83,100,4.43,IN,1702306184
237,binzhou,37.3667,118.0167,-2.69,80,100,2.28,CN,1702306184
238,katsuura,35.1333,140.3,15.8,80,100,1.11,JP,1702306184
239,serra talhada,-7.9919,-38.2983,33.58,29,37,5.12,BR,1702306184
240,hemsby,52.6971,1.6918,10.69,89,29,4.94,GB,1702306184
241,thunder bay,48.4001,-89.3168,-6.01,73,75,2.06,CA,1702305949
242,i-n-salah,27.1935,2.4607,23.88,23,0,7.47,DZ,1702306184
243,axim,4.8699,-2.2405,29.81,62,36,4.61,GH,1702306184
244,olinda,-8.0089,-34.8553,28.85,70,75,5.14,BR,1702305914
245,talcahuano,-36.7167,-73.1167,13.82,77,75,3.6,CL,1702306184
246,howard springs,-12.497,131.047,26.1,96,15,2.23,AU,1702306184
247,chul'man,56.8479,124.9104,-38.82,100,100,1.09,RU,1702306184
248,remire-montjoly,4.9167,-52.2667,31.02,70,20,4.63,GF,1702306184
249,meadow lakes,61.6247,-149.6011,2.93,69,100,5.14,US,1702306184
250,lubang,13.8584,120.124,28.19,76,71,7.79,PH,1702306184
251,deder,9.3167,41.45,16.82,40,62,2.63,ET,1702306184
252,puerto deseado,-47.7503,-65.8938,15.17,60,18,7.64,AR,1702306184
253,basco,20.4487,121.9702,26.64,77,11,5.81,PH,1702306184
254,kone,-21.0595,164.8658,22.3,76,92,1.48,NC,1702306185
255,aswan,24.0934,32.907,29.61,20,0,3.09,EG,1702306185
256,kibre mengist,5.8833,38.9833,20.51,58,93,1.52,ET,1702306185
257,lata,40.1629,-8.3327,19.4,68,100,2.27,PT,1702306185
258,midvagur,62.0511,-7.1939,5.46,93,75,3.6,FO,1702306185
259,hadibu,12.65,54.0333,25.26,62,8,6.11,YE,1702306014
260,suoyarvi,62.0833,32.35,-11.14,95,100,2.9,RU,1702306185
261,wani,20.0667,78.95,20.88,51,3,1.73,IN,1702306185
262,plouzane,48.3833,-4.6167,13.18,97,100,6.17,FR,1702306185
263,sassandra,4.95,-6.0833,28.97,70,21,3.66,CI,1702306185
264,kavaratti,10.5669,72.642,28.92,70,55,1.46,IN,1702306185
265,devils lake,48.1128,-98.8651,-7.81,92,0,4.63,US,1702306185
266,pathein,16.7833,94.7333,24.26,81,2,3.84,MM,1702306185
267,knyaze-volkonskoye,48.4642,135.4567,-22.62,94,9,4.59,RU,1702306185
268,guangyuan,32.442,105.823,8.77,72,3,1.9,CN,1702306185
269,yakeshi,49.2833,120.7333,-38.62,100,91,0.99,CN,1702306185
270,arroio grande,-32.2375,-53.0869,25.3,58,59,4.95,BR,1702306185
271,san clemente del tuyu,-36.3569,-56.7235,23.88,69,100,6.36,AR,1702306186
272,abashiri,44.0213,144.2697,-2.38,57,53,1.93,JP,1702306186
273,balabac,7.9868,117.0645,27.95,76,6,5.03,PH,1702306186
274,vorgashor,67.5833,63.95,-21.19,93,100,5.32,RU,1702306186
275,kerikeri,-35.2268,173.9474,10.4,91,15,2.94,NZ,1702306186
276,lubao,14.9167,120.55,26.84,83,50,1.83,PH,1702306186
277,west island,-12.1568,96.8225,25.99,73,0,4.63,CC,1702306186
278,cidreira,-30.1811,-50.2056,23.09,71,23,5.02,BR,1702306186
279,itupiranga,-5.1347,-49.3267,29.18,60,100,2.65,BR,1702306186
280,seydi,39.4816,62.9137,1.53,60,100,8.47,TM,1702306186
281,susuman,62.7833,148.1667,-21.68,96,100,2.24,RU,1702306186
282,debre werk',10.6667,38.1667,18.54,46,93,2.23,ET,1702306186
283,zhangzhou,24.5133,117.6556,20.96,82,0,0.35,CN,1702306186
284,margate,51.3813,1.3862,11.61,71,20,2.24,GB,1702306186
285,korla,41.7597,86.1469,-1.45,51,100,1.06,CN,1702306186
286,san felipe jalapa de diaz,18.0667,-96.5333,18.73,78,96,0.78,MX,1702306186
287,custodia,-8.0875,-37.6431,33.66,26,17,3.31,BR,1702306186
288,plettenberg bay,-34.0527,23.3716,20.3,60,0,1.91,ZA,1702305889
289,choibalsan,48.0667,114.5,-20.79,99,100,2.19,MN,1702306187
290,osakarovka,50.565,72.5692,-25.72,92,100,6.37,KZ,1702306187
291,barmer,25.75,71.3833,21.58,21,2,1.43,IN,1702306187
292,altania,-23.8744,-53.9017,25.67,69,41,1.8,BR,1702306187
293,constantia,44.1833,28.65,2.61,67,100,2.56,RO,1702306187
294,noumea,-22.2763,166.4572,18.99,75,99,4.58,NC,1702306187
295,teknaf,20.8624,92.3058,19.77,80,0,4.04,BD,1702306187
296,sigli,5.3848,95.9609,26.57,85,100,1.39,ID,1702306187
297,alice springs,-23.7,133.8833,14.75,55,0,0.0,AU,1702306187
298,saint-philippe,-21.3585,55.7679,26.77,80,67,4.41,RE,1702306187
299,safotu,-13.4513,-172.4018,26.98,91,100,5.99,WS,1702306187
300,papao,-17.75,-149.55,23.82,80,61,10.59,PF,1702306187
301,santiago de cao,-7.9589,-79.2392,20.07,83,31,4.12,PE,1702306187
302,pak phanang,8.3511,100.202,27.01,81,96,2.74,TH,1702306187
303,sanchor,24.7553,71.7722,21.79,21,69,2.38,IN,1702306187
304,cockburn town,21.4612,-71.1419,27.98,69,20,5.66,TC,1702306187
305,cowra,-33.8333,148.6833,21.56,67,0,2.82,AU,1702306187
306,salinas,36.6777,-121.6555,12.5,58,0,2.57,US,1702305917
307,merizo village,13.2658,144.6691,27.31,92,81,5.4,GU,1702306187
308,maumere,-8.6199,122.2111,27.48,81,100,2.04,ID,1702306188
309,salalah,17.0151,54.0924,27.05,47,0,2.06,OM,1702306188
310,valle hermoso,25.6667,-97.8333,7.94,33,100,2.22,MX,1702306188
311,turochak,52.2576,87.1224,-26.43,100,74,0.83,RU,1702306188
312,luganville,-15.5333,167.1667,23.71,70,100,2.54,VU,1702306188
313,egilsstadir,65.2653,-14.3948,-6.05,86,20,2.06,IS,1702306188
314,rudsar,37.1376,50.288,13.99,88,100,4.23,IR,1702306188
315,daru,-9.0763,143.2092,25.97,86,88,2.51,PG,1702306188
316,vilyuysk,63.7553,121.6247,-26.08,96,100,3.17,RU,1702306188
317,soio,-6.1349,12.3689,28.92,68,89,4.69,AO,1702306188
318,tolanaro,-25.0319,46.9987,30.04,74,20,8.23,MG,1702306188
319,derzhavinsk,51.1,66.3167,-29.84,90,12,7.09,KZ,1702306188
320,iskateley,67.6803,53.1512,-16.66,94,100,9.39,RU,1702306188
321,veraval,20.9,70.3667,24.06,50,42,4.86,IN,1702306188
322,rancho palos verdes,33.7445,-118.387,18.64,19,100,1.79,US,1702306188
323,eldorado,-23.7869,-54.2836,26.19,68,68,2.26,BR,1702306188
324,la passe,45.5549,-0.8967,15.13,98,100,5.75,FR,1702306188
325,praia da vitoria,38.7333,-27.0667,18.2,77,40,5.29,PT,1702306132
326,fuglafjordur,62.244,-6.814,5.26,86,99,7.02,FO,1702306188
327,kodiak,57.79,-152.4072,1.73,69,100,0.0,US,1702306188
328,mokhsogollokh,61.4681,128.9203,-27.49,91,100,3.87,RU,1702306189
329,castillos,-34.1667,-53.8333,23.06,60,4,4.64,UY,1702306189
330,berezovyy,51.6667,135.7,-24.16,69,1,2.64,RU,1702306189
331,opuwo,-18.0607,13.84,33.62,18,88,5.57,,1702306189
332,south hedland,-20.4089,118.5983,24.96,73,0,1.54,AU,1702306189
333,ataq,14.5377,46.8319,20.12,20,5,3.29,YE,1702306189
334,tshikapa,-6.4167,20.8,27.3,79,100,1.29,CD,1702306189
335,sangola,17.4333,75.2,25.51,43,2,3.75,IN,1702306189
336,minas de marcona,-15.2119,-75.1103,21.06,59,100,4.05,PE,1702306189
337,sao vicente,-23.9631,-46.3919,31.1,54,100,2.57,BR,1702306189
338,eyl,7.9803,49.8164,25.67,72,41,10.89,SO,1702306189
339,onega,63.9061,38.1404,-13.39,94,98,3.67,RU,1702306189
340,francistown,-21.17,27.5079,28.6,46,100,1.92,BW,1702306189
341,baardheere,2.3446,42.2764,32.39,39,100,4.86,SO,1702306189
342,thai nguyen,21.5928,105.8442,23.88,92,100,1.31,VN,1702306189
343,kaohsiung,22.6163,120.3133,26.97,84,40,1.54,TW,1702306189
344,newman,37.3138,-121.0208,2.94,66,10,1.55,US,1702306189
345,ciudad lazaro cardenas,17.9583,-102.2,26.13,62,97,2.54,MX,1702306015
346,ishigaki,24.3448,124.1572,23.07,100,100,1.54,JP,1702306189
347,hiratacho,35.4333,132.8167,13.01,91,100,0.64,JP,1702306189
348,san patricio,28.017,-97.5169,11.62,28,82,1.61,US,1702306190
349,mhamid,29.82,-5.72,24.1,22,95,2.93,MA,1702306190
350,beitbridge,-22.2167,30.0,26.81,67,97,3.87,ZW,1702306190
351,gannan,47.9147,123.5031,-21.54,86,100,1.78,CN,1702306190
352,rockport,28.0206,-97.0544,11.72,33,0,0.0,US,1702306190
353,namibe,-15.1961,12.1522,24.12,66,87,5.18,AO,1702306190
354,nantucket,41.2835,-70.0995,12.06,100,100,10.29,US,1702305894
355,betafo,-19.8333,46.85,20.6,83,78,1.46,MG,1702306190
356,kolonia town,6.964,158.206,28.0,83,75,3.09,FM,1702306190
357,al jubayl,27.0112,49.6583,23.35,62,100,4.73,SA,1702305961
358,lanja,16.85,73.55,23.25,73,4,1.33,IN,1702306190
359,caras,-9.0467,-77.8114,22.98,53,73,0.84,PE,1702306190
360,nar'yan-mar,67.6713,53.087,-16.61,94,100,9.39,RU,1702306190
361,kununurra,-15.7667,128.7333,29.99,66,38,1.03,AU,1702306176
362,samux,40.7647,46.4085,8.56,93,100,3.09,AZ,1702306190
363,smara,26.7384,-11.6719,27.2,13,0,7.74,EH,1702306190
364,gaoping,30.7758,106.1029,12.11,79,97,2.22,CN,1702306190
365,puerto madryn,-42.7692,-65.0385,26.19,33,53,3.39,AR,1702306100
366,lazaro cardenas,17.9583,-102.2,26.13,62,97,2.54,MX,1702306190
367,kingston,17.997,-76.7936,30.13,76,40,3.6,JM,1702305952
368,l'ancienne-lorette,46.7939,-71.3519,2.12,97,100,1.54,CA,1702306191
369,arkhangel'sk,64.5401,40.5433,-15.94,84,75,3.0,RU,1702306191
370,kidal,18.4411,1.4078,26.04,17,16,8.92,ML,1702306191
371,alwar,27.5667,76.6,16.79,38,0,1.07,IN,1702306191
372,vantaa,60.2941,25.041,-4.08,92,100,6.17,FI,1702306191
373,flying fish cove,-10.4217,105.6791,24.82,83,75,2.57,CX,1702306191
374,asbury,42.5144,-90.7515,-3.66,74,0,0.89,US,1702306191
375,nagqu,31.5,92.0,-15.62,48,2,2.04,CN,1702306191
376,ola,59.5833,151.2833,-6.09,88,100,4.56,RU,1702306191
377,leongatha,-38.4833,145.95,17.91,95,100,2.39,AU,1702306191
378,sovetskaya gavan',48.9723,140.2878,-18.59,69,0,5.23,RU,1702306191
379,ankazoabo,-22.2833,44.5167,32.52,36,91,3.37,MG,1702306191
380,kencong,-8.2833,113.3667,25.81,80,82,1.14,ID,1702306191
381,al mijlad,11.0333,27.7333,35.94,12,45,2.75,SD,1702306191
382,phumi veal sre,10.9808,104.7783,26.94,70,26,0.26,KH,1702306191
383,al jawf,29.5,38.75,23.05,28,100,5.04,SA,1702306191
384,sylva,58.0348,56.7635,-28.14,98,100,1.62,RU,1702306191
385,sao pedro do sul,-29.6206,-54.1789,23.36,67,73,2.69,BR,1702306191
386,arauca,7.0847,-70.7591,28.98,74,0,2.06,CO,1702306187
387,khovd,48.0056,91.6419,-16.75,76,97,0.84,MN,1702306191
388,vigan,17.5747,120.3869,25.92,87,17,2.81,PH,1702306192
389,khor,47.8861,134.9464,-25.4,93,7,4.29,RU,1702306192
390,pinillos,8.9193,-74.4677,31.78,66,77,0.62,CO,1702306192
391,pyt-yakh,60.7499,72.8582,-33.89,98,32,1.64,RU,1702305913
392,cabo san lucas,22.8909,-109.9124,15.61,58,0,1.77,MX,1702306003
393,palenque,17.5167,-91.9667,20.09,94,100,0.0,MX,1702305926
394,jaguaquara,-13.5306,-39.9708,31.78,26,69,3.67,BR,1702305892
395,sinop,41.7711,34.8709,8.25,76,98,1.43,TR,1702306192
396,timbuktu,16.7735,-3.0074,30.78,10,0,5.98,ML,1702306192
397,sao felix do xingu,-6.6447,-51.995,29.63,69,93,1.84,BR,1702306192
398,bytow,54.1706,17.4919,1.78,100,100,0.75,PL,1702306192
399,sierra grande,-41.606,-65.3557,30.09,22,63,7.52,AR,1702306192
400,mount isa,-20.7333,139.5,28.87,37,54,5.14,AU,1702306192
401,pontianak,-0.0333,109.3333,25.99,94,75,2.06,ID,1702306192
402,strelka,58.0728,93.0344,-33.14,100,51,0.35,RU,1702306192
403,la sarre,48.8002,-79.1996,-11.97,83,95,3.42,CA,1702306053
404,poyang,28.9924,116.6675,7.91,75,100,7.05,CN,1702306192
405,shambu,9.5667,37.1,15.15,60,45,0.76,ET,1702306192
406,malmberget,67.1753,20.6549,-12.69,92,75,1.54,SE,1702306192
407,zaragoza,41.6561,-0.8773,21.38,52,0,4.12,ES,1702306110
408,dryden,49.7833,-92.7503,-7.84,93,100,6.17,CA,1702305959
409,ghanzi,-21.5667,21.7833,33.09,20,4,3.71,BW,1702306192
410,east london,-33.0153,27.9116,23.52,78,40,7.72,ZA,1702306192
411,cao lanh,10.45,105.6333,25.97,82,9,2.46,VN,1702306193
412,mahajanga,-15.7167,46.3167,32.01,66,20,5.66,MG,1702306193
413,tabou,4.423,-7.3528,28.74,70,22,3.67,CI,1702306193
414,priargunsk,50.3691,119.1012,-41.14,100,57,0.34,RU,1702306193
415,camana,-16.6228,-72.7111,22.31,73,71,3.92,PE,1702306193
416,mossel bay,-34.1831,22.146,22.96,67,0,3.3,ZA,1702306193
417,tromso,69.6496,18.957,-2.99,80,75,5.14,NO,1702306193
418,nguigmi,14.2495,13.1092,25.98,20,0,4.92,NE,1702306193
419,colon,9.3592,-79.9014,28.76,77,5,2.28,PA,1702306193
420,valozhyn,54.0909,26.5225,-0.29,98,100,6.02,BY,1702306193
421,el grao,39.798,-0.1321,27.41,59,79,3.04,ES,1702306193
422,bol,13.4586,14.7147,25.86,38,0,1.74,TD,1702306193
423,tallahassee,30.4383,-84.2807,7.4,80,0,4.63,US,1702306034
424,fasa,28.9383,53.6482,16.58,16,0,0.0,IR,1702306193
425,hilo,19.7297,-155.09,24.04,96,100,3.09,US,1702306193
426,muroto-misakicho,33.2833,134.15,18.52,93,100,7.2,JP,1702306193
427,orchard homes,46.8633,-114.0484,2.0,94,100,0.45,US,1702306193
428,playas,-2.6333,-80.3833,26.42,74,100,2.52,EC,1702306193
429,nirmal,19.1,78.35,20.72,49,0,2.54,IN,1702306193
430,selfoss,63.9331,-20.9971,-3.26,95,76,1.65,IS,1702306193
431,nogliki,51.8333,143.1667,-19.81,86,69,5.81,RU,1702306194
432,monrovia,6.3005,-10.7969,33.87,67,18,5.02,LR,1702306194
433,grove city,39.8815,-83.093,2.12,80,0,4.12,US,1702306143
434,taoudenni,22.6783,-3.9836,28.19,11,42,6.09,ML,1702306194
435,san marcos de colon,13.4333,-86.8,23.85,66,21,3.56,HN,1702306194
436,whitby,54.4877,-0.615,7.4,85,78,1.79,GB,1702305927
437,chibougamau,49.9168,-74.3659,-7.21,93,100,3.09,CA,1702306044
438,novyy urgal,51.0736,132.5642,-30.59,98,15,0.61,RU,1702306194
439,fray luis beltran,-39.3167,-65.7667,32.58,22,89,10.18,AR,1702306194
440,upington,-28.4478,21.2561,33.21,16,20,4.63,ZA,1702306194
441,bobov dol,42.3697,23.0172,5.75,75,70,1.81,BG,1702306194
442,kabalo,-6.05,26.9167,24.59,91,94,0.81,CD,1702306194
443,karratha,-20.7377,116.8463,26.39,45,0,4.84,AU,1702306194
444,darab,28.7519,54.5444,16.38,23,98,0.44,IR,1702306194
445,big bend,-26.8167,31.9333,23.05,88,100,1.03,SZ,1702305915
446,kale,50.9581,1.8521,11.11,80,5,7.88,FR,1702306194
447,soure,-0.7167,-48.5233,29.66,68,31,6.85,BR,1702306194
448,el nido,11.1858,119.3956,27.43,76,71,2.87,PH,1702306194
449,rufino,-34.2683,-62.7126,30.49,27,71,9.33,AR,1702306194
450,truth or consequences,33.1284,-107.2528,-0.87,29,0,0.0,US,1702306194
451,polyarnyy,69.1989,33.4478,-12.51,89,89,7.07,RU,1702306194
452,pisco,-13.7,-76.2167,21.12,78,0,3.6,PE,1702306194
453,polatsk,55.4859,28.7756,-0.13,97,100,5.28,BY,1702306194
454,ulladulla,-35.35,150.4667,22.65,95,87,1.98,AU,1702306194
455,san agustin de valle fertil,-30.6335,-67.4682,26.35,41,0,5.01,AR,1702306195
456,isla vista,34.4133,-119.861,18.79,38,0,0.0,US,1702306195
457,boi,9.5683,9.4953,28.39,17,2,3.88,NG,1702306195
458,tongouson,5.0214,120.1328,27.38,83,4,2.73,PH,1702306195
459,krasnoye-na-volge,57.5125,41.2419,-9.99,92,100,7.49,RU,1702306195
460,peace river,56.2501,-117.286,-10.19,90,100,1.54,CA,1702306195
461,bhinmal,25.0,72.25,19.87,27,38,1.8,IN,1702306195
462,benjamin aceval,-24.9667,-57.5667,29.22,64,33,2.75,PY,1702306195
463,swakopmund,-22.6833,14.5333,21.47,76,0,1.79,,1702306195
464,antofagasta,-23.65,-70.4,19.6,66,65,4.41,CL,1702306195
465,gebeit,21.0667,36.3167,29.29,32,100,1.21,SD,1702306195
466,port macquarie,-31.4333,152.9167,18.83,90,2,2.92,AU,1702306195
467,ocos,14.5094,-92.1933,27.31,68,13,1.38,GT,1702306195
468,neon karlovasion,37.7903,26.7044,16.87,67,93,3.2,GR,1702306195
469,jackson,42.4165,-122.8345,6.55,94,100,0.0,US,1702306166
470,vilyuchinsk,52.9306,158.4028,-4.85,80,16,4.82,RU,1702306195
471,vernon,50.2581,-119.2691,2.94,94,95,0.51,CA,1702306195
472,hanzhong,33.0728,107.0303,7.44,81,43,0.95,CN,1702306195
473,fengxiang,47.5833,130.8333,-25.44,90,11,2.58,CN,1702306195
474,nadym,65.5333,72.5167,-26.62,89,100,5.6,RU,1702306196
475,chu,43.5983,73.7614,-6.55,96,100,2.83,KZ,1702306196
476,jinjiang,24.8198,118.5741,21.12,85,0,1.05,CN,1702306196
477,toliara,-23.35,43.6667,28.29,66,97,6.0,MG,1702306156
478,gatesville,31.4352,-97.7439,5.97,63,0,2.93,US,1702305997
479,fada n'gourma,12.0622,0.3578,33.77,9,0,5.49,BF,1702306196
480,santa marta de ortigueira,43.6833,-7.85,19.03,73,100,2.68,ES,1702306196
481,namsos,64.4662,11.4957,-4.97,86,0,4.12,NO,1702306196
482,labytnangi,66.6572,66.4183,-25.17,98,100,4.17,RU,1702306196
483,robore,-18.3333,-59.75,27.05,83,75,0.0,BO,1702306196
484,island harbour,50.724,-1.2758,12.88,85,5,2.24,GB,1702306196
485,harda khas,22.3333,77.1,21.02,50,17,2.23,IN,1702306196
486,san felipe,10.3399,-68.7425,28.89,67,64,1.59,VE,1702306196
487,popondetta,-8.7537,148.2534,23.44,96,100,1.35,PG,1702306196
488,kuqa,41.7278,82.9364,-1.03,49,96,1.54,CN,1702306196
489,hami,42.8,93.45,-1.54,49,100,1.14,CN,1702306196
490,usinsk,65.9939,57.5281,-21.07,90,100,11.18,RU,1702306196
491,emerald,-23.5333,148.1667,24.08,67,100,6.33,AU,1702306196
492,bel ombre,-4.6167,55.4167,28.91,79,20,1.03,SC,1702306196
493,bom jesus,-9.0744,-44.3586,37.15,26,89,3.26,BR,1702306196
494,rio grande,-32.035,-52.0986,26.06,75,25,6.14,BR,1702306196
495,mugia,43.1041,-9.2179,18.28,93,100,11.48,ES,1702306197
496,batang,-6.4846,110.7083,27.2,78,34,1.35,ID,1702306197
497,queenstown,-31.8976,26.8753,22.63,49,88,1.85,ZA,1702305912
498,rafsanjan,30.4067,55.9939,15.28,16,89,1.84,IR,1702306023
499,union gap,46.5574,-120.4751,3.47,92,100,2.06,US,1702306197
500,ust-tsilma,65.441,52.1498,-15.52,90,100,5.42,RU,1702306197
501,plymouth,41.8334,-70.8328,8.09,94,100,5.14,US,1702306197
502,paita,-5.0892,-81.1144,23.58,70,9,4.47,PE,1702306197
503,lebu,-37.6167,-73.65,15.4,74,90,3.44,CL,1702306197
504,el porvenir,13.7617,-87.3458,23.63,57,55,3.8,HN,1702306197
505,guaraniacu,-25.1008,-52.8781,26.71,52,38,0.84,BR,1702306197
506,massawa,15.6097,39.45,28.95,61,62,3.63,ER,1702306197
507,bardai,11.65,7.2333,27.57,15,6,6.3,NG,1702306197
508,kaa-khem,51.6833,94.7333,-33.66,96,60,1.07,RU,1702306197
509,hithadhoo,-0.6,73.0833,28.52,74,24,2.95,MV,1702306197
510,gidole,5.65,37.3667,19.72,52,77,0.39,ET,1702306197
511,san julian,21.0167,-102.1667,12.25,65,100,1.88,MX,1702306197
512,clearwater,27.9659,-82.8001,13.86,75,0,8.49,US,1702306057
513,vadso,70.0744,29.7487,-7.91,79,75,6.69,NO,1702306197
514,utrik,11.2278,169.8474,27.13,79,69,8.1,MH,1702306197
515,shush,32.1942,48.2436,22.24,25,95,3.1,IR,1702306197
516,tamanrasset,22.785,5.5228,22.95,14,0,6.69,DZ,1702306198
517,fortuna,40.5982,-124.1573,9.64,97,20,0.0,US,1702306198
518,harper,4.375,-7.7169,28.43,71,40,3.15,LR,1702306198
519,pitogo,13.7847,122.0881,25.55,91,68,3.37,PH,1702306198
520,buckingham,51.9997,-0.9878,10.64,80,35,0.89,GB,1702306198
521,palmerston north,-40.35,175.6167,13.36,78,88,0.45,NZ,1702306198
522,ghat,24.9647,10.1728,18.87,26,5,6.18,LY,1702306198
523,lishui,28.4604,119.9103,13.06,86,100,2.62,CN,1702306198
524,carutapera,-1.195,-46.02,31.44,57,99,5.41,BR,1702306198
525,bandarbeyla,9.4942,50.8122,25.75,73,99,9.37,SO,1702306198
526,bathsheba,13.2167,-59.5167,29.34,79,40,8.23,BB,1702306198
527,fairwood,47.4484,-122.1573,8.01,94,100,2.06,US,1702306198
528,sarnia,42.9787,-82.4041,0.51,67,100,7.2,CA,1702306198
529,prince rupert,54.3161,-130.3201,3.83,91,100,5.14,CA,1702305912
530,najaf,31.9985,44.3398,22.88,46,20,2.06,IQ,1702306199
531,tocoa,15.6833,-86.0,24.79,97,97,0.37,HN,1702306199
532,marsa alam,25.0757,34.8918,23.76,83,100,4.8,EG,1702306199
533,bela vista,-22.1089,-56.5211,30.63,57,45,1.56,BR,1702306199
534,bonthe,7.5264,-12.505,31.11,57,100,5.09,SL,1702306199
535,tiszafoldvar,46.9833,20.25,6.73,94,75,3.09,HU,1702306199
536,legnago,45.1832,11.3091,7.21,75,89,1.21,IT,1702306199
537,ribeira brava,32.65,-17.0667,23.4,62,93,1.72,PT,1702306199
538,weinan,34.5036,109.5089,3.2,95,100,1.17,CN,1702306199
539,walvis bay,-22.9575,14.5053,21.53,60,0,2.57,,1702306199
540,jalqani,12.4486,34.2186,33.3,15,80,3.11,SD,1702306199
541,grantsville,40.5999,-112.4644,-0.27,80,0,3.09,US,1702306199
542,"laikit, laikit ii (dimembe)",1.4792,124.9735,23.47,100,40,0.51,ID,1702306199
543,el calafate,-50.3408,-72.2768,9.46,52,100,2.65,AR,1702306199
544,erenhot,43.6475,111.9767,-10.04,44,13,3.31,CN,1702306199
545,tarauaca,-8.1614,-70.7656,33.39,43,69,1.83,BR,1702306200
546,verkhnevilyuysk,63.4453,120.3167,-26.63,96,100,2.86,RU,1702306200
547,prince edward,44.0001,-77.2495,1.57,89,38,2.68,CA,1702306200
548,zhalantun,48.0,122.7167,-25.16,90,86,2.5,CN,1702306200
549,darovskoy,58.77,47.9564,-16.73,81,100,5.67,RU,1702306200
550,porto belo,-27.1578,-48.5531,23.98,92,100,2.32,BR,1702306200
551,santa helena,-2.2311,-45.3,34.86,38,96,3.92,BR,1702306200
552,floro,61.5996,5.0328,1.98,69,0,3.6,NO,1702306200
553,zaigrayevo,51.8336,108.2703,-28.77,99,17,0.18,RU,1702306200
554,natal,-5.795,-35.2094,30.36,74,75,5.66,BR,1702306027
555,onguday,50.75,86.15,-15.96,75,100,0.46,RU,1702306200
556,ilabaya,-17.4208,-70.5133,26.57,42,100,4.35,PE,1702306201
557,ebolowa,2.9,11.15,25.08,87,97,1.15,CM,1702306201
558,hargeysa,9.56,44.065,20.09,55,73,4.62,SO,1702306201
559,tocopilla,-22.092,-70.1979,22.79,62,97,4.23,CL,1702306201
560,parral,26.9333,-105.6667,9.91,33,0,0.27,MX,1702306201
561,kapuskasing,49.4169,-82.4331,-10.95,79,100,3.6,CA,1702306201
562,touros,-5.1989,-35.4608,30.51,56,10,6.86,BR,1702306201
563,hengchun,22.0042,120.7439,26.15,78,15,3.25,TW,1702306201
564,vuktyl,63.8567,57.3094,-23.83,93,100,4.92,RU,1702306201
565,gadzhiyevo,69.2551,33.3362,-13.04,90,92,7.26,RU,1702306202
566,tsagan aman,47.5639,46.7218,-3.93,48,74,9.42,RU,1702306202
567,kurchatov,51.6601,35.6521,-2.55,97,100,4.86,RU,1702306202
568,kambove,-10.8764,26.5969,21.04,91,100,1.02,CD,1702306202
569,nalut,30.3333,10.85,17.5,31,0,5.83,LY,1702306202
570,kenai,60.5544,-151.2583,-1.95,100,100,8.75,US,1702306202
571,posto fiscal rolim de moura,-13.0833,-62.2667,36.56,42,87,0.59,BR,1702306203
572,bahir dar,11.5936,37.3908,21.28,46,24,2.1,ET,1702306203
573,draganesti-olt,44.1667,24.5333,5.35,79,95,1.69,RO,1702306203
574,levuka,50.1834,-105.4011,-3.15,63,40,6.17,CA,1702306204
575,nikel,69.4128,30.222,-10.9,92,97,6.52,RU,1702306204
576,dondo,-19.6094,34.7431,30.73,63,80,5.56,MZ,1702306204
577,iaciara,-14.0958,-46.6317,34.84,31,97,2.8,BR,1702306204
578,bintulu,3.1667,113.0333,26.23,94,40,2.06,MY,1702306204
579,sawakin,19.1059,37.3321,27.76,73,98,4.7,SD,1702306204
580,bengkulu,-3.8004,102.2655,24.52,93,66,1.63,ID,1702306160
581,shimo-furano,43.35,142.3833,-6.08,91,94,0.73,JP,1702306204
582,berdigestyakh,62.0989,126.6992,-27.84,95,100,3.63,RU,1702306205
583,sanctuary point,-35.1114,150.629,22.08,94,99,2.45,AU,1702306205
584,kirakira,-10.4544,161.9205,25.52,88,93,2.07,SB,1702306205
585,el empalme,-40.7226,-64.9922,31.23,25,52,12.16,AR,1702306205
586,santa cruz,-17.8,-63.1667,30.7,62,75,2.57,BO,1702306205
587,fengzhou,24.9576,118.5337,22.0,83,0,0.1,CN,1702306205
588,nassau,40.7507,-73.5829,4.96,86,100,6.17,US,1702306205
589,lovech,43.1333,24.7167,7.43,76,72,1.34,BG,1702306205
